id,pos_X,pos_Y
0,18.19,-3.0
1,19.05,-3.5
2,17.32,-3.5
3,18.19,-4.0
4,19.05,-4.5
5,17.32,-4.5
6,18.19,-5.0
7,19.05,-5.5
8,17.32,-5.5
9,18.19,0.0
10,19.05,-0.5
11,17.32,-0.5
12,18.19,-1.0
13,19.05,-1.5
14,17.32,-1.5
15,18.19,-2.0
16,19.05,-2.5
17,17.32,-2.5
18,15.59,-7.5
19,14.72,-7.0
20,16.45,-7.0
21,15.59,-6.5
22,14.72,-6.0
23,16.45,-6.0
24,15.59,-5.5
25,14.72,-5.0
26,16.45,-5.0
27,15.59,-4.5
28,14.72,-4.0
29,16.45,-4.0
30,15.59,-3.5
31,14.72,-3.0
32,16.45,-3.0
33,15.59,-2.5
34,14.72,-2.0
35,16.45,-2.0
36,12.99,-12.0
37,12.12,-11.5
38,13.86,-11.5
39,12.99,-11.0
40,12.12,-10.5
41,13.86,-10.5
42,12.99,-10.0
43,12.12,-9.5
44,13.86,-9.5
45,12.99,-14.0
46,13.86,-13.5
47,12.99,-13.0
48,12.12,-12.5
49,14.72,-13.0
50,13.86,-12.5
51,14.72,-12.0
52,15.59,-11.5
53,14.72,-11.0
54,16.45,-11.0
55,15.59,-10.5
56,16.45,-10.0
57,17.32,-9.5
58,14.72,-10.0
59,15.59,-9.5
60,14.72,-9.0
61,15.59,-8.5
62,14.72,-8.0
63,16.45,-9.0
64,17.32,-8.5
65,16.45,-8.0
66,18.19,-8.0
67,17.32,-7.5
68,18.19,-7.0
69,17.32,-6.5
70,19.05,-6.5
71,18.19,-6.0
72,10.39,-13.5
73,9.53,-13.0
74,11.26,-13.0
75,10.39,-12.5
76,9.53,-12.0
77,11.26,-12.0
78,10.39,-11.5
79,9.53,-11.0
80,11.26,-11.0
81,11.26,-16.0
82,10.39,-15.5
83,11.26,-15.0
84,10.39,-14.5
85,12.12,-15.5
86,12.99,-15.0
87,12.12,-14.5
88,11.26,-14.0
89,12.12,-13.5
90,10.39,-10.5
91,9.53,-10.0
92,11.26,-10.0
93,10.39,-9.5
94,9.53,-9.0
95,11.26,-9.0
96,10.39,-8.5
97,9.53,-8.0
98,11.26,-8.0
99,10.39,-7.5
100,9.53,-7.0
101,11.26,-7.0
102,10.39,-6.5
103,9.53,-6.0
104,11.26,-6.0
105,10.39,-5.5
106,9.53,-5.0
107,11.26,-5.0
108,12.99,-9.0
109,12.12,-8.5
110,13.86,-8.5
111,12.99,-8.0
112,12.12,-7.5
113,13.86,-7.5
114,12.99,-7.0
115,12.12,-6.5
116,13.86,-6.5
117,12.99,-6.0
118,12.12,-5.5
119,13.86,-5.5
120,12.99,-5.0
121,12.12,-4.5
122,13.86,-4.5
123,12.99,-4.0
124,12.12,-3.5
125,13.86,-3.5
126,12.99,-3.0
127,12.12,-2.5
128,13.86,-2.5
129,12.99,-2.0
130,12.12,-1.5
131,13.86,-1.5
132,12.99,-1.0
133,12.12,-0.5
134,13.86,-0.5
135,10.39,-4.5
136,9.53,-4.0
137,11.26,-4.0
138,10.39,-3.5
139,9.53,-3.0
140,11.26,-3.0
141,10.39,-2.5
142,9.53,-2.0
143,11.26,-2.0
144,5.2,-18.5
145,6.93,-18.5
146,6.06,-18.0
147,6.93,-17.5
148,6.06,-17.0
149,7.79,-17.0
150,6.93,-16.5
151,7.79,-16.0
152,6.93,-15.5
153,7.79,-18.0
154,8.66,-17.5
155,9.53,-17.0
156,8.66,-16.5
157,10.39,-16.5
158,9.53,-16.0
159,8.66,-15.5
160,9.53,-15.0
161,9.53,-14.0
162,7.79,-15.0
163,6.93,-14.5
164,8.66,-14.5
165,7.79,-14.0
166,6.93,-13.5
167,8.66,-13.5
168,7.79,-13.0
169,6.93,-12.5
170,8.66,-12.5
171,7.79,-12.0
172,6.93,-11.5
173,8.66,-11.5
174,7.79,-11.0
175,6.93,-10.5
176,8.66,-10.5
177,7.79,-10.0
178,6.93,-9.5
179,8.66,-9.5
180,7.79,-9.0
181,6.93,-8.5
182,8.66,-8.5
183,7.79,-8.0
184,6.93,-7.5
185,8.66,-7.5
186,7.79,-7.0
187,6.93,-6.5
188,8.66,-6.5
189,7.79,-6.0
190,6.93,-5.5
191,8.66,-5.5
192,7.79,-5.0
193,6.93,-4.5
194,8.66,-4.5
195,7.79,-4.0
196,6.93,-3.5
197,8.66,-3.5
198,7.79,-3.0
199,6.93,-2.5
200,8.66,-2.5
201,7.79,-2.0
202,6.93,-1.5
203,8.66,-1.5
204,7.79,-1.0
205,6.93,-0.5
206,8.66,-0.5
207,10.39,-1.5
208,9.53,-1.0
209,11.26,-1.0
210,10.39,-0.5
211,9.53,0.0
212,11.26,0.0
213,10.39,0.5
214,9.53,1.0
215,11.26,1.0
216,1.73,-19.5
217,3.46,-19.5
218,2.6,-19.0
219,1.73,-18.5
220,4.33,-19.0
221,3.46,-18.5
222,4.33,-18.0
223,5.2,-17.5
224,4.33,-17.0
225,5.2,-16.5
226,4.33,-16.0
227,6.06,-16.0
228,5.2,-15.5
229,4.33,-15.0
230,6.06,-15.0
231,5.2,-14.5
232,4.33,-14.0
233,6.06,-14.0
234,5.2,-13.5
235,4.33,-13.0
236,6.06,-13.0
237,5.2,-12.5
238,4.33,-12.0
239,6.06,-12.0
240,5.2,-11.5
241,4.33,-11.0
242,6.06,-11.0
243,5.2,-10.5
244,4.33,-10.0
245,6.06,-10.0
246,5.2,-9.5
247,4.33,-9.0
248,6.06,-9.0
249,5.2,-8.5
250,4.33,-8.0
251,6.06,-8.0
252,5.2,-4.5
253,4.33,-4.0
254,6.06,-4.0
255,5.2,-3.5
256,4.33,-3.0
257,6.06,-3.0
258,5.2,-2.5
259,4.33,-2.0
260,6.06,-2.0
261,5.2,-7.5
262,4.33,-7.0
263,6.06,-7.0
264,5.2,-6.5
265,4.33,-6.0
266,6.06,-6.0
267,5.2,-5.5
268,4.33,-5.0
269,6.06,-5.0
270,2.6,-6.0
271,1.73,-5.5
272,3.46,-5.5
273,2.6,-5.0
274,1.73,-4.5
275,3.46,-4.5
276,2.6,-4.0
277,1.73,-3.5
278,3.46,-3.5
279,2.6,-3.0
280,1.73,-2.5
281,3.46,-2.5
282,2.6,-2.0
283,1.73,-1.5
284,3.46,-1.5
285,2.6,-1.0
286,1.73,-0.5
287,3.46,-0.5
288,2.6,-18.0
289,1.73,-17.5
290,3.46,-17.5
291,2.6,-17.0
292,1.73,-16.5
293,3.46,-16.5
294,2.6,-16.0
295,1.73,-15.5
296,3.46,-15.5
297,2.6,-15.0
298,1.73,-14.5
299,3.46,-14.5
300,2.6,-14.0
301,1.73,-13.5
302,3.46,-13.5
303,2.6,-13.0
304,1.73,-12.5
305,3.46,-12.5
306,2.6,-12.0
307,1.73,-11.5
308,3.46,-11.5
309,2.6,-11.0
310,1.73,-10.5
311,3.46,-10.5
312,2.6,-10.0
313,1.73,-9.5
314,3.46,-9.5
315,2.6,-9.0
316,1.73,-8.5
317,3.46,-8.5
318,2.6,-8.0
319,1.73,-7.5
320,3.46,-7.5
321,2.6,-7.0
322,1.73,-6.5
323,3.46,-6.5
324,0.0,-16.5
325,-0.87,-16.0
326,0.87,-16.0
327,0.0,-15.5
328,-0.87,-15.0
329,0.87,-15.0
330,0.0,-14.5
331,-0.87,-14.0
332,0.87,-14.0
333,0.0,-19.5
334,-0.87,-19.0
335,0.87,-19.0
336,0.0,-18.5
337,-0.87,-18.0
338,0.87,-18.0
339,0.0,-17.5
340,-0.87,-17.0
341,0.87,-17.0
342,0.0,-13.5
343,-0.87,-13.0
344,0.87,-13.0
345,0.0,-12.5
346,-0.87,-12.0
347,0.87,-12.0
348,0.0,-11.5
349,-0.87,-11.0
350,0.87,-11.0
351,0.0,-10.5
352,-0.87,-10.0
353,0.87,-10.0
354,0.0,-9.5
355,-0.87,-9.0
356,0.87,-9.0
357,0.0,-8.5
358,-0.87,-8.0
359,0.87,-8.0
360,0.0,-7.5
361,-0.87,-7.0
362,0.87,-7.0
363,0.0,-6.5
364,-0.87,-6.0
365,0.87,-6.0
366,0.0,-5.5
367,-0.87,-5.0
368,0.87,-5.0
369,0.0,-4.5
370,-0.87,-4.0
371,0.87,-4.0
372,0.0,-3.5
373,-0.87,-3.0
374,0.87,-3.0
375,0.0,-2.5
376,-0.87,-2.0
377,0.87,-2.0
378,-2.6,-3.0
379,-3.46,-2.5
380,-1.73,-2.5
381,-2.6,-2.0
382,-3.46,-1.5
383,-1.73,-1.5
384,-2.6,-1.0
385,-3.46,-0.5
386,-1.73,-0.5
387,0.0,-1.5
388,-0.87,-1.0
389,0.87,-1.0
390,0.0,-0.5
391,-0.87,0.0
392,0.87,0.0
393,0.0,0.5
394,-0.87,1.0
395,0.87,1.0
396,-2.6,-9.0
397,-3.46,-8.5
398,-1.73,-8.5
399,-2.6,-8.0
400,-3.46,-7.5
401,-1.73,-7.5
402,-2.6,-7.0
403,-3.46,-6.5
404,-1.73,-6.5
405,-2.6,-6.0
406,-3.46,-5.5
407,-1.73,-5.5
408,-2.6,-5.0
409,-3.46,-4.5
410,-1.73,-4.5
411,-2.6,-4.0
412,-3.46,-3.5
413,-1.73,-3.5
414,-5.2,-4.5
415,-6.06,-4.0
416,-4.33,-4.0
417,-5.2,-3.5
418,-6.06,-3.0
419,-4.33,-3.0
420,-5.2,-2.5
421,-6.06,-2.0
422,-4.33,-2.0
423,-5.2,-1.5
424,-6.06,-1.0
425,-4.33,-1.0
426,-5.2,-0.5
427,-6.06,0.0
428,-4.33,0.0
429,-5.2,0.5
430,-6.06,1.0
431,-4.33,1.0
432,-3.46,-19.5
433,-1.73,-19.5
434,-2.6,-19.0
435,-1.73,-18.5
436,-4.33,-19.0
437,-3.46,-18.5
438,-4.33,-18.0
439,-5.2,-17.5
440,-4.33,-17.0
441,-2.6,-18.0
442,-3.46,-17.5
443,-1.73,-17.5
444,-2.6,-17.0
445,-3.46,-16.5
446,-1.73,-16.5
447,-2.6,-16.0
448,-3.46,-15.5
449,-1.73,-15.5
450,-2.6,-15.0
451,-3.46,-14.5
452,-1.73,-14.5
453,-2.6,-14.0
454,-3.46,-13.5
455,-1.73,-13.5
456,-2.6,-13.0
457,-3.46,-12.5
458,-1.73,-12.5
459,-2.6,-12.0
460,-3.46,-11.5
461,-1.73,-11.5
462,-2.6,-11.0
463,-3.46,-10.5
464,-1.73,-10.5
465,-2.6,-10.0
466,-3.46,-9.5
467,-1.73,-9.5
468,-6.93,-18.5
469,-5.2,-18.5
470,-6.06,-18.0
471,-6.93,-17.5
472,-7.79,-17.0
473,-6.06,-17.0
474,-6.93,-16.5
475,-7.79,-16.0
476,-6.93,-15.5
477,-5.2,-16.5
478,-6.06,-16.0
479,-4.33,-16.0
480,-5.2,-15.5
481,-6.06,-15.0
482,-4.33,-15.0
483,-5.2,-14.5
484,-6.06,-14.0
485,-4.33,-14.0
486,-5.2,-13.5
487,-6.06,-13.0
488,-4.33,-13.0
489,-5.2,-12.5
490,-6.06,-12.0
491,-4.33,-12.0
492,-5.2,-11.5
493,-6.06,-11.0
494,-4.33,-11.0
495,-5.2,-10.5
496,-6.06,-10.0
497,-4.33,-10.0
498,-5.2,-9.5
499,-6.06,-9.0
500,-4.33,-9.0
501,-5.2,-8.5
502,-6.06,-8.0
503,-4.33,-8.0
504,-7.79,-6.0
505,-8.66,-5.5
506,-6.93,-5.5
507,-7.79,-5.0
508,-8.66,-4.5
509,-6.93,-4.5
510,-7.79,-4.0
511,-8.66,-3.5
512,-6.93,-3.5
513,-5.2,-7.5
514,-6.06,-7.0
515,-4.33,-7.0
516,-5.2,-6.5
517,-6.06,-6.0
518,-4.33,-6.0
519,-5.2,-5.5
520,-6.06,-5.0
521,-4.33,-5.0
522,-10.39,-4.5
523,-11.26,-4.0
524,-9.53,-4.0
525,-10.39,-3.5
526,-11.26,-3.0
527,-9.53,-3.0
528,-10.39,-2.5
529,-11.26,-2.0
530,-9.53,-2.0
531,-7.79,-3.0
532,-8.66,-2.5
533,-6.93,-2.5
534,-7.79,-2.0
535,-8.66,-1.5
536,-6.93,-1.5
537,-7.79,-1.0
538,-8.66,-0.5
539,-6.93,-0.5
540,-7.79,-18.0
541,-8.66,-17.5
542,-9.53,-17.0
543,-8.66,-16.5
544,-10.39,-16.5
545,-9.53,-16.0
546,-8.66,-15.5
547,-9.53,-15.0
548,-9.53,-14.0
549,-7.79,-15.0
550,-8.66,-14.5
551,-6.93,-14.5
552,-7.79,-14.0
553,-8.66,-13.5
554,-6.93,-13.5
555,-7.79,-13.0
556,-8.66,-12.5
557,-6.93,-12.5
558,-7.79,-12.0
559,-8.66,-11.5
560,-6.93,-11.5
561,-7.79,-11.0
562,-8.66,-10.5
563,-6.93,-10.5
564,-7.79,-10.0
565,-8.66,-9.5
566,-6.93,-9.5
567,-7.79,-9.0
568,-8.66,-8.5
569,-6.93,-8.5
570,-7.79,-8.0
571,-8.66,-7.5
572,-6.93,-7.5
573,-7.79,-7.0
574,-8.66,-6.5
575,-6.93,-6.5
576,-11.26,-16.0
577,-10.39,-15.5
578,-11.26,-15.0
579,-10.39,-14.5
580,-12.12,-15.5
581,-12.99,-15.0
582,-12.12,-14.5
583,-11.26,-14.0
584,-12.12,-13.5
585,-10.39,-13.5
586,-11.26,-13.0
587,-9.53,-13.0
588,-10.39,-12.5
589,-11.26,-12.0
590,-9.53,-12.0
591,-10.39,-11.5
592,-11.26,-11.0
593,-9.53,-11.0
594,-10.39,-10.5
595,-11.26,-10.0
596,-9.53,-10.0
597,-10.39,-9.5
598,-11.26,-9.0
599,-9.53,-9.0
600,-10.39,-8.5
601,-11.26,-8.0
602,-9.53,-8.0
603,-10.39,-7.5
604,-11.26,-7.0
605,-9.53,-7.0
606,-10.39,-6.5
607,-11.26,-6.0
608,-9.53,-6.0
609,-10.39,-5.5
610,-11.26,-5.0
611,-9.53,-5.0
612,-12.99,-14.0
613,-13.86,-13.5
614,-12.99,-13.0
615,-12.12,-12.5
616,-14.72,-13.0
617,-13.86,-12.5
618,-14.72,-12.0
619,-15.59,-11.5
620,-14.72,-11.0
621,-12.99,-12.0
622,-13.86,-11.5
623,-12.12,-11.5
624,-12.99,-11.0
625,-13.86,-10.5
626,-12.12,-10.5
627,-12.99,-10.0
628,-13.86,-9.5
629,-12.12,-9.5
630,-16.45,-11.0
631,-15.59,-10.5
632,-16.45,-10.0
633,-17.32,-9.5
634,-14.72,-10.0
635,-15.59,-9.5
636,-14.72,-9.0
637,-15.59,-8.5
638,-14.72,-8.0
639,-12.99,-9.0
640,-13.86,-8.5
641,-12.12,-8.5
642,-12.99,-8.0
643,-13.86,-7.5
644,-12.12,-7.5
645,-12.99,-7.0
646,-13.86,-6.5
647,-12.12,-6.5
648,-12.99,-6.0
649,-13.86,-5.5
650,-12.12,-5.5
651,-12.99,-5.0
652,-13.86,-4.5
653,-12.12,-4.5
654,-12.99,-4.0
655,-13.86,-3.5
656,-12.12,-3.5
657,-12.99,-3.0
658,-13.86,-2.5
659,-12.12,-2.5
660,-12.99,-2.0
661,-13.86,-1.5
662,-12.12,-1.5
663,-12.99,-1.0
664,-13.86,-0.5
665,-12.12,-0.5
666,-15.59,-4.5
667,-16.45,-4.0
668,-14.72,-4.0
669,-15.59,-3.5
670,-16.45,-3.0
671,-14.72,-3.0
672,-15.59,-2.5
673,-16.45,-2.0
674,-14.72,-2.0
675,-15.59,-1.5
676,-16.45,-1.0
677,-14.72,-1.0
678,-15.59,-0.5
679,-16.45,0.0
680,-14.72,0.0
681,-15.59,0.5
682,-16.45,1.0
683,-14.72,1.0
684,-16.45,-9.0
685,-17.32,-8.5
686,-18.19,-8.0
687,-16.45,-8.0
688,-17.32,-7.5
689,-18.19,-7.0
690,-19.05,-6.5
691,-17.32,-6.5
692,-18.19,-6.0
693,-15.59,-7.5
694,-16.45,-7.0
695,-14.72,-7.0
696,-15.59,-6.5
697,-16.45,-6.0
698,-14.72,-6.0
699,-15.59,-5.5
700,-16.45,-5.0
701,-14.72,-5.0
702,-18.19,-3.0
703,-17.32,-3.5
704,-19.05,-3.5
705,-18.19,-4.0
706,-17.32,-4.5
707,-19.05,-4.5
708,-18.19,-5.0
709,-17.32,-5.5
710,-19.05,-5.5
711,-18.19,0.0
712,-17.32,-0.5
713,-19.05,-0.5
714,-18.19,-1.0
715,-17.32,-1.5
716,-19.05,-1.5
717,-18.19,-2.0
718,-17.32,-2.5
719,-19.05,-2.5
720,-18.19,6.0
721,-17.32,5.5
722,-19.05,5.5
723,-18.19,5.0
724,-17.32,4.5
725,-19.05,4.5
726,-18.19,4.0
727,-17.32,3.5
728,-19.05,3.5
729,-18.19,3.0
730,-17.32,2.5
731,-19.05,2.5
732,-18.19,2.0
733,-17.32,1.5
734,-19.05,1.5
735,-18.19,1.0
736,-17.32,0.5
737,-19.05,0.5
738,-15.59,4.5
739,-16.45,5.0
740,-14.72,5.0
741,-15.59,5.5
742,-16.45,6.0
743,-14.72,6.0
744,-15.59,6.5
745,-16.45,7.0
746,-14.72,7.0
747,-15.59,1.5
748,-16.45,2.0
749,-14.72,2.0
750,-15.59,2.5
751,-16.45,3.0
752,-14.72,3.0
753,-15.59,3.5
754,-16.45,4.0
755,-14.72,4.0
756,-12.99,9.0
757,-13.86,9.5
758,-12.12,9.5
759,-12.99,10.0
760,-13.86,10.5
761,-12.12,10.5
762,-12.99,11.0
763,-13.86,11.5
764,-12.12,11.5
765,-14.72,11.0
766,-14.72,12.0
767,-13.86,12.5
768,-14.72,13.0
769,-12.99,12.0
770,-12.12,12.5
771,-12.99,13.0
772,-13.86,13.5
773,-12.12,13.5
774,-15.59,7.5
775,-14.72,8.0
776,-15.59,8.5
777,-14.72,9.0
778,-15.59,9.5
779,-14.72,10.0
780,-15.59,10.5
781,-16.45,11.0
782,-15.59,11.5
783,-17.32,6.5
784,-18.19,7.0
785,-17.32,7.5
786,-18.19,8.0
787,-16.45,8.0
788,-17.32,8.5
789,-16.45,9.0
790,-17.32,9.5
791,-16.45,10.0
792,-10.39,10.5
793,-11.26,11.0
794,-9.53,11.0
795,-10.39,11.5
796,-11.26,12.0
797,-9.53,12.0
798,-10.39,12.5
799,-11.26,13.0
800,-9.53,13.0
801,-10.39,13.5
802,-11.26,14.0
803,-9.53,14.0
804,-10.39,14.5
805,-12.99,14.0
806,-12.12,14.5
807,-12.99,15.0
808,-11.26,15.0
809,-12.12,15.5
810,-10.39,7.5
811,-11.26,8.0
812,-9.53,8.0
813,-10.39,8.5
814,-11.26,9.0
815,-9.53,9.0
816,-10.39,9.5
817,-11.26,10.0
818,-9.53,10.0
819,-10.39,4.5
820,-11.26,5.0
821,-9.53,5.0
822,-10.39,5.5
823,-11.26,6.0
824,-9.53,6.0
825,-10.39,6.5
826,-11.26,7.0
827,-9.53,7.0
828,-12.99,6.0
829,-13.86,6.5
830,-12.12,6.5
831,-12.99,7.0
832,-13.86,7.5
833,-12.12,7.5
834,-12.99,8.0
835,-13.86,8.5
836,-12.12,8.5
837,-12.99,3.0
838,-13.86,3.5
839,-12.12,3.5
840,-12.99,4.0
841,-13.86,4.5
842,-12.12,4.5
843,-12.99,5.0
844,-13.86,5.5
845,-12.12,5.5
846,-10.39,1.5
847,-11.26,2.0
848,-9.53,2.0
849,-10.39,2.5
850,-11.26,3.0
851,-9.53,3.0
852,-10.39,3.5
853,-11.26,4.0
854,-9.53,4.0
855,-12.99,0.0
856,-13.86,0.5
857,-12.12,0.5
858,-12.99,1.0
859,-13.86,1.5
860,-12.12,1.5
861,-12.99,2.0
862,-13.86,2.5
863,-12.12,2.5
864,-6.93,15.5
865,-7.79,16.0
866,-6.93,16.5
867,-7.79,17.0
868,-8.66,17.5
869,-6.93,17.5
870,-7.79,18.0
871,-6.06,18.0
872,-6.93,18.5
873,-9.53,15.0
874,-8.66,15.5
875,-7.79,15.0
876,-8.66,16.5
877,-9.53,16.0
878,-11.26,16.0
879,-10.39,16.5
880,-10.39,15.5
881,-9.53,17.0
882,-7.79,12.0
883,-8.66,12.5
884,-6.93,12.5
885,-7.79,13.0
886,-8.66,13.5
887,-6.93,13.5
888,-7.79,14.0
889,-8.66,14.5
890,-6.93,14.5
891,-7.79,9.0
892,-8.66,9.5
893,-6.93,9.5
894,-7.79,10.0
895,-8.66,10.5
896,-6.93,10.5
897,-7.79,11.0
898,-8.66,11.5
899,-6.93,11.5
900,-7.79,6.0
901,-8.66,6.5
902,-6.93,6.5
903,-7.79,7.0
904,-8.66,7.5
905,-6.93,7.5
906,-7.79,8.0
907,-8.66,8.5
908,-6.93,8.5
909,-7.79,3.0
910,-8.66,3.5
911,-6.93,3.5
912,-7.79,4.0
913,-8.66,4.5
914,-6.93,4.5
915,-7.79,5.0
916,-8.66,5.5
917,-6.93,5.5
918,-7.79,0.0
919,-8.66,0.5
920,-6.93,0.5
921,-7.79,1.0
922,-8.66,1.5
923,-6.93,1.5
924,-7.79,2.0
925,-8.66,2.5
926,-6.93,2.5
927,-10.39,-1.5
928,-11.26,-1.0
929,-9.53,-1.0
930,-10.39,-0.5
931,-11.26,0.0
932,-9.53,0.0
933,-10.39,0.5
934,-11.26,1.0
935,-9.53,1.0
936,-5.2,16.5
937,-6.06,17.0
938,-4.33,17.0
939,-5.2,17.5
940,-4.33,18.0
941,-5.2,18.5
942,-3.46,18.5
943,-4.33,19.0
944,-3.46,19.5
945,-5.2,13.5
946,-6.06,14.0
947,-4.33,14.0
948,-5.2,14.5
949,-6.06,15.0
950,-4.33,15.0
951,-5.2,15.5
952,-6.06,16.0
953,-4.33,16.0
954,-5.2,10.5
955,-6.06,11.0
956,-4.33,11.0
957,-5.2,11.5
958,-6.06,12.0
959,-4.33,12.0
960,-5.2,12.5
961,-6.06,13.0
962,-4.33,13.0
963,-5.2,7.5
964,-6.06,8.0
965,-4.33,8.0
966,-5.2,8.5
967,-6.06,9.0
968,-4.33,9.0
969,-5.2,9.5
970,-6.06,10.0
971,-4.33,10.0
972,-5.2,4.5
973,-6.06,5.0
974,-4.33,5.0
975,-5.2,5.5
976,-6.06,6.0
977,-4.33,6.0
978,-5.2,6.5
979,-6.06,7.0
980,-4.33,7.0
981,-5.2,1.5
982,-6.06,2.0
983,-4.33,2.0
984,-5.2,2.5
985,-6.06,3.0
986,-4.33,3.0
987,-5.2,3.5
988,-6.06,4.0
989,-4.33,4.0
990,-2.6,3.0
991,-3.46,3.5
992,-1.73,3.5
993,-2.6,4.0
994,-3.46,4.5
995,-1.73,4.5
996,-2.6,5.0
997,-3.46,5.5
998,-1.73,5.5
999,-2.6,0.0
1000,-3.46,0.5
1001,-1.73,0.5
1002,-2.6,1.0
1003,-3.46,1.5
1004,-1.73,1.5
1005,-2.6,2.0
1006,-3.46,2.5
1007,-1.73,2.5
1008,-2.6,15.0
1009,-3.46,15.5
1010,-1.73,15.5
1011,-2.6,16.0
1012,-3.46,16.5
1013,-1.73,16.5
1014,-2.6,17.0
1015,-3.46,17.5
1016,-1.73,17.5
1017,-2.6,12.0
1018,-3.46,12.5
1019,-1.73,12.5
1020,-2.6,13.0
1021,-3.46,13.5
1022,-1.73,13.5
1023,-2.6,14.0
1024,-3.46,14.5
1025,-1.73,14.5
1026,-2.6,9.0
1027,-3.46,9.5
1028,-1.73,9.5
1029,-2.6,10.0
1030,-3.46,10.5
1031,-1.73,10.5
1032,-2.6,11.0
1033,-3.46,11.5
1034,-1.73,11.5
1035,-2.6,6.0
1036,-3.46,6.5
1037,-1.73,6.5
1038,-2.6,7.0
1039,-3.46,7.5
1040,-1.73,7.5
1041,-2.6,8.0
1042,-3.46,8.5
1043,-1.73,8.5
1044,0.0,16.5
1045,-0.87,17.0
1046,0.87,17.0
1047,0.0,17.5
1048,0.87,18.0
1049,2.6,18.0
1050,1.73,18.5
1051,2.6,19.0
1052,1.73,19.5
1053,-2.6,18.0
1054,-0.87,18.0
1055,-1.73,18.5
1056,-2.6,19.0
1057,0.0,18.5
1058,-0.87,19.0
1059,0.87,19.0
1060,-1.73,19.5
1061,0.0,19.5
1062,0.0,13.5
1063,-0.87,14.0
1064,0.87,14.0
1065,0.0,14.5
1066,-0.87,15.0
1067,0.87,15.0
1068,0.0,15.5
1069,-0.87,16.0
1070,0.87,16.0
1071,0.0,10.5
1072,-0.87,11.0
1073,0.87,11.0
1074,0.0,11.5
1075,-0.87,12.0
1076,0.87,12.0
1077,0.0,12.5
1078,-0.87,13.0
1079,0.87,13.0
1080,0.0,7.5
1081,-0.87,8.0
1082,0.87,8.0
1083,0.0,8.5
1084,-0.87,9.0
1085,0.87,9.0
1086,0.0,9.5
1087,-0.87,10.0
1088,0.87,10.0
1089,0.0,4.5
1090,-0.87,5.0
1091,0.87,5.0
1092,0.0,5.5
1093,-0.87,6.0
1094,0.87,6.0
1095,0.0,6.5
1096,-0.87,7.0
1097,0.87,7.0
1098,0.0,1.5
1099,-0.87,2.0
1100,0.87,2.0
1101,0.0,2.5
1102,-0.87,3.0
1103,0.87,3.0
1104,0.0,3.5
1105,-0.87,4.0
1106,0.87,4.0
1107,2.6,0.0
1108,1.73,0.5
1109,3.46,0.5
1110,2.6,1.0
1111,1.73,1.5
1112,3.46,1.5
1113,2.6,2.0
1114,1.73,2.5
1115,3.46,2.5
1116,2.6,6.0
1117,1.73,6.5
1118,3.46,6.5
1119,2.6,7.0
1120,1.73,7.5
1121,3.46,7.5
1122,2.6,8.0
1123,1.73,8.5
1124,3.46,8.5
1125,2.6,3.0
1126,1.73,3.5
1127,3.46,3.5
1128,2.6,4.0
1129,1.73,4.5
1130,3.46,4.5
1131,2.6,5.0
1132,1.73,5.5
1133,3.46,5.5
1134,5.2,1.5
1135,4.33,2.0
1136,6.06,2.0
1137,5.2,2.5
1138,4.33,3.0
1139,6.06,3.0
1140,5.2,3.5
1141,4.33,4.0
1142,6.06,4.0
1143,5.2,-1.5
1144,4.33,-1.0
1145,6.06,-1.0
1146,5.2,-0.5
1147,4.33,0.0
1148,6.06,0.0
1149,5.2,0.5
1150,4.33,1.0
1151,6.06,1.0
1152,5.2,16.5
1153,4.33,17.0
1154,6.06,17.0
1155,5.2,17.5
1156,4.33,18.0
1157,3.46,18.5
1158,5.2,18.5
1159,4.33,19.0
1160,3.46,19.5
1161,2.6,15.0
1162,1.73,15.5
1163,3.46,15.5
1164,2.6,16.0
1165,1.73,16.5
1166,3.46,16.5
1167,2.6,17.0
1168,1.73,17.5
1169,3.46,17.5
1170,2.6,12.0
1171,1.73,12.5
1172,3.46,12.5
1173,2.6,13.0
1174,1.73,13.5
1175,3.46,13.5
1176,2.6,14.0
1177,1.73,14.5
1178,3.46,14.5
1179,2.6,9.0
1180,1.73,9.5
1181,3.46,9.5
1182,2.6,10.0
1183,1.73,10.5
1184,3.46,10.5
1185,2.6,11.0
1186,1.73,11.5
1187,3.46,11.5
1188,6.93,15.5
1189,7.79,16.0
1190,6.93,16.5
1191,7.79,17.0
1192,6.93,17.5
1193,8.66,17.5
1194,6.06,18.0
1195,7.79,18.0
1196,6.93,18.5
1197,5.2,13.5
1198,4.33,14.0
1199,6.06,14.0
1200,5.2,14.5
1201,4.33,15.0
1202,6.06,15.0
1203,5.2,15.5
1204,4.33,16.0
1205,6.06,16.0
1206,5.2,10.5
1207,4.33,11.0
1208,6.06,11.0
1209,5.2,11.5
1210,4.33,12.0
1211,6.06,12.0
1212,5.2,12.5
1213,4.33,13.0
1214,6.06,13.0
1215,5.2,7.5
1216,4.33,8.0
1217,6.06,8.0
1218,5.2,8.5
1219,4.33,9.0
1220,6.06,9.0
1221,5.2,9.5
1222,4.33,10.0
1223,6.06,10.0
1224,7.79,3.0
1225,6.93,3.5
1226,8.66,3.5
1227,7.79,4.0
1228,6.93,4.5
1229,8.66,4.5
1230,7.79,5.0
1231,6.93,5.5
1232,8.66,5.5
1233,5.2,4.5
1234,4.33,5.0
1235,6.06,5.0
1236,5.2,5.5
1237,4.33,6.0
1238,6.06,6.0
1239,5.2,6.5
1240,4.33,7.0
1241,6.06,7.0
1242,10.39,1.5
1243,9.53,2.0
1244,11.26,2.0
1245,10.39,2.5
1246,9.53,3.0
1247,11.26,3.0
1248,10.39,3.5
1249,9.53,4.0
1250,11.26,4.0
1251,7.79,0.0
1252,6.93,0.5
1253,8.66,0.5
1254,7.79,1.0
1255,6.93,1.5
1256,8.66,1.5
1257,7.79,2.0
1258,6.93,2.5
1259,8.66,2.5
1260,7.79,15.0
1261,9.53,15.0
1262,8.66,15.5
1263,8.66,16.5
1264,10.39,15.5
1265,9.53,16.0
1266,11.26,16.0
1267,10.39,16.5
1268,9.53,17.0
1269,7.79,12.0
1270,6.93,12.5
1271,8.66,12.5
1272,7.79,13.0
1273,6.93,13.5
1274,8.66,13.5
1275,7.79,14.0
1276,6.93,14.5
1277,8.66,14.5
1278,7.79,9.0
1279,6.93,9.5
1280,8.66,9.5
1281,7.79,10.0
1282,6.93,10.5
1283,8.66,10.5
1284,7.79,11.0
1285,6.93,11.5
1286,8.66,11.5
1287,7.79,6.0
1288,6.93,6.5
1289,8.66,6.5
1290,7.79,7.0
1291,6.93,7.5
1292,8.66,7.5
1293,7.79,8.0
1294,6.93,8.5
1295,8.66,8.5
1296,10.39,13.5
1297,9.53,14.0
1298,11.26,14.0
1299,10.39,14.5
1300,12.99,14.0
1301,12.12,14.5
1302,11.26,15.0
1303,12.99,15.0
1304,12.12,15.5
1305,10.39,10.5
1306,9.53,11.0
1307,11.26,11.0
1308,10.39,11.5
1309,9.53,12.0
1310,11.26,12.0
1311,10.39,12.5
1312,9.53,13.0
1313,11.26,13.0
1314,10.39,7.5
1315,9.53,8.0
1316,11.26,8.0
1317,10.39,8.5
1318,9.53,9.0
1319,11.26,9.0
1320,10.39,9.5
1321,9.53,10.0
1322,11.26,10.0
1323,10.39,4.5
1324,9.53,5.0
1325,11.26,5.0
1326,10.39,5.5
1327,9.53,6.0
1328,11.26,6.0
1329,10.39,6.5
1330,9.53,7.0
1331,11.26,7.0
1332,14.72,11.0
1333,14.72,12.0
1334,13.86,12.5
1335,14.72,13.0
1336,12.99,12.0
1337,12.12,12.5
1338,12.99,13.0
1339,12.12,13.5
1340,13.86,13.5
1341,12.99,9.0
1342,12.12,9.5
1343,13.86,9.5
1344,12.99,10.0
1345,12.12,10.5
1346,13.86,10.5
1347,12.99,11.0
1348,12.12,11.5
1349,13.86,11.5
1350,15.59,7.5
1351,14.72,8.0
1352,15.59,8.5
1353,14.72,9.0
1354,15.59,9.5
1355,14.72,10.0
1356,15.59,10.5
1357,16.45,11.0
1358,15.59,11.5
1359,12.99,6.0
1360,12.12,6.5
1361,13.86,6.5
1362,12.99,7.0
1363,12.12,7.5
1364,13.86,7.5
1365,12.99,8.0
1366,12.12,8.5
1367,13.86,8.5
1368,12.99,3.0
1369,12.12,3.5
1370,13.86,3.5
1371,12.99,4.0
1372,12.12,4.5
1373,13.86,4.5
1374,12.99,5.0
1375,12.12,5.5
1376,13.86,5.5
1377,12.99,0.0
1378,12.12,0.5
1379,13.86,0.5
1380,12.99,1.0
1381,12.12,1.5
1382,13.86,1.5
1383,12.99,2.0
1384,12.12,2.5
1385,13.86,2.5
1386,15.59,1.5
1387,14.72,2.0
1388,16.45,2.0
1389,15.59,2.5
1390,14.72,3.0
1391,16.45,3.0
1392,15.59,3.5
1393,14.72,4.0
1394,16.45,4.0
1395,15.59,-1.5
1396,14.72,-1.0
1397,16.45,-1.0
1398,15.59,-0.5
1399,14.72,0.0
1400,16.45,0.0
1401,15.59,0.5
1402,14.72,1.0
1403,16.45,1.0
1404,17.32,6.5
1405,18.19,7.0
1406,17.32,7.5
1407,18.19,8.0
1408,16.45,8.0
1409,17.32,8.5
1410,16.45,9.0
1411,17.32,9.5
1412,16.45,10.0
1413,15.59,4.5
1414,14.72,5.0
1415,16.45,5.0
1416,15.59,5.5
1417,14.72,6.0
1418,16.45,6.0
1419,15.59,6.5
1420,14.72,7.0
1421,16.45,7.0
1422,18.19,6.0
1423,19.05,5.5
1424,17.32,5.5
1425,18.19,5.0
1426,19.05,4.5
1427,17.32,4.5
1428,18.19,4.0
1429,19.05,3.5
1430,17.32,3.5
1431,18.19,3.0
1432,19.05,2.5
1433,17.32,2.5
1434,18.19,2.0
1435,19.05,1.5
1436,17.32,1.5
1437,18.19,1.0
1438,19.05,0.5
1439,17.32,0.5
